{"cameraMode":{"drawMode":0,"name":"Shaded","section":"Shading Mode"},"sceneLighting":true,"audioPlay":false,"sceneViewState":{"m_AlwaysRefresh":false,"showFog":true,"showSkybox":true,"showFlares":true,"showImageEffects":true,"showParticleSystems":true,"showVisualEffectGraphs":true,"m_FxEnabled":false},"in2DMode":false,"pivot":{"x":209.28871154785157,"y":840.7181396484375,"z":665.9992065429688},"rotation":{"x":0.02336163818836212,"y":-0.053959086537361148,"z":0.0012617289321497083,"w":0.998275101184845},"size":2687.96240234375,"orthographic":false}